release,package
acropolis, ignition-acropolis
acropolis, ignition-gazebo
acropolis, ignition-gazebo2
acropolis, ignition-tools
acropolis, libignition-cmake2-dev
acropolis, libignition-common3
acropolis, libignition-common3-av
acropolis, libignition-common3-av-dev
acropolis, libignition-common3-core-dev
acropolis, libignition-common3-dev
acropolis, libignition-common3-events
acropolis, libignition-common3-events-dev
acropolis, libignition-common3-graphics
acropolis, libignition-common3-graphics-dev
acropolis, libignition-common3-profiler
acropolis, libignition-common3-profiler-dev
acropolis, libignition-fuel-tools3
acropolis, libignition-fuel-tools3-dev
acropolis, libignition-gazebo
acropolis, libignition-gazebo-dev
acropolis, libignition-gazebo-plugins
acropolis, libignition-gazebo2
acropolis, libignition-gazebo2-dev
acropolis, libignition-gazebo2-plugins
acropolis, libignition-gui
acropolis, libignition-gui-dev
acropolis, libignition-gui2
acropolis, libignition-gui2-dev
acropolis, libignition-launch
acropolis, libignition-launch-dev
acropolis, libignition-math6
acropolis, libignition-math6-dev
acropolis, libignition-math6-eigen3-dev
acropolis, libignition-msgs3
acropolis, libignition-msgs3-dev
acropolis, libignition-msgs4
acropolis, libignition-msgs4-dev
acropolis, libignition-physics
acropolis, libignition-physics-core-dev
acropolis, libignition-physics-dartsim
acropolis, libignition-physics-dartsim-dev
acropolis, libignition-physics-dev
acropolis, libignition-physics-mesh-dev
acropolis, libignition-physics-sdf-dev
acropolis, libignition-plugin
acropolis, libignition-plugin-dev
acropolis, libignition-rendering
acropolis, libignition-rendering-core-dev
acropolis, libignition-rendering-dev
acropolis, libignition-rendering-ogre1
acropolis, libignition-rendering-ogre1-dev
acropolis, libignition-rendering-ogre2
acropolis, libignition-rendering-ogre2-dev
acropolis, libignition-rendering2
acropolis, libignition-rendering2-core-dev
acropolis, libignition-rendering2-dev
acropolis, libignition-rendering2-ogre1
acropolis, libignition-rendering2-ogre1-dev
acropolis, libignition-rendering2-ogre2
acropolis, libignition-rendering2-ogre2-dev
acropolis, libignition-sensors
acropolis, libignition-sensors-camera
acropolis, libignition-sensors-camera-dev
acropolis, libignition-sensors-core-dev
acropolis, libignition-sensors-depth-camera
acropolis, libignition-sensors-depth-camera-dev
acropolis, libignition-sensors-dev
acropolis, libignition-sensors-gpu-lidar
acropolis, libignition-sensors-gpu-lidar-dev
acropolis, libignition-sensors-lidar
acropolis, libignition-sensors-lidar-dev
acropolis, libignition-sensors-logical-camera
acropolis, libignition-sensors-logical-camera-dev
acropolis, libignition-sensors2
acropolis, libignition-sensors2-air-pressure
acropolis, libignition-sensors2-air-pressure-dev
acropolis, libignition-sensors2-altimeter
acropolis, libignition-sensors2-altimeter-dev
acropolis, libignition-sensors2-camera
acropolis, libignition-sensors2-camera-dev
acropolis, libignition-sensors2-core-dev
acropolis, libignition-sensors2-depth-camera
acropolis, libignition-sensors2-depth-camera-dev
acropolis, libignition-sensors2-dev
acropolis, libignition-sensors2-gpu-lidar
acropolis, libignition-sensors2-gpu-lidar-dev
acropolis, libignition-sensors2-imu
acropolis, libignition-sensors2-imu-dev
acropolis, libignition-sensors2-lidar
acropolis, libignition-sensors2-lidar-dev
acropolis, libignition-sensors2-logical-camera
acropolis, libignition-sensors2-logical-camera-dev
acropolis, libignition-sensors2-magnetometer
acropolis, libignition-sensors2-magnetometer-dev
acropolis, libignition-sensors2-rendering
acropolis, libignition-sensors2-rendering-dev
acropolis, libignition-sensors2-rgbd-camera
acropolis, libignition-sensors2-rgbd-camera-dev
acropolis, libignition-tools-dev
acropolis, libignition-transport6
acropolis, libignition-transport6-core-dev
acropolis, libignition-transport6-dev
acropolis, libignition-transport6-log
acropolis, libignition-transport6-log-dev
acropolis, libignition-transport7
acropolis, libignition-transport7-core-dev
acropolis, libignition-transport7-dev
acropolis, libignition-transport7-log
acropolis, libignition-transport7-log-dev
blueprint, ignition-blueprint
blueprint, ignition-gazebo2
blueprint, ignition-tools
blueprint, libignition-cmake2-dev
blueprint, libignition-common3
blueprint, libignition-common3-av
blueprint, libignition-common3-av-dev
blueprint, libignition-common3-core-dev
blueprint, libignition-common3-dev
blueprint, libignition-common3-events
blueprint, libignition-common3-events-dev
blueprint, libignition-common3-graphics
blueprint, libignition-common3-graphics-dev
blueprint, libignition-common3-profiler
blueprint, libignition-common3-profiler-dev
blueprint, libignition-fuel-tools3
blueprint, libignition-fuel-tools3-dev
blueprint, libignition-gazebo2
blueprint, libignition-gazebo2-dev
blueprint, libignition-gazebo2-plugins
blueprint, libignition-gui2
blueprint, libignition-gui2-dev
blueprint, libignition-launch
blueprint, libignition-launch-dev
blueprint, libignition-math6
blueprint, libignition-math6-dev
blueprint, libignition-math6-eigen3-dev
blueprint, libignition-msgs4
blueprint, libignition-msgs4-dev
blueprint, libignition-physics
blueprint, libignition-physics-core-dev
blueprint, libignition-physics-dartsim
blueprint, libignition-physics-dartsim-dev
blueprint, libignition-physics-dev
blueprint, libignition-physics-mesh-dev
blueprint, libignition-physics-sdf-dev
blueprint, libignition-plugin
blueprint, libignition-plugin-dev
blueprint, libignition-rendering2
blueprint, libignition-rendering2-core-dev
blueprint, libignition-rendering2-dev
blueprint, libignition-rendering2-ogre1
blueprint, libignition-rendering2-ogre1-dev
blueprint, libignition-rendering2-ogre2
blueprint, libignition-rendering2-ogre2-dev
blueprint, libignition-sensors2
blueprint, libignition-sensors2-air-pressure
blueprint, libignition-sensors2-air-pressure-dev
blueprint, libignition-sensors2-altimeter
blueprint, libignition-sensors2-altimeter-dev
blueprint, libignition-sensors2-camera
blueprint, libignition-sensors2-camera-dev
blueprint, libignition-sensors2-core-dev
blueprint, libignition-sensors2-depth-camera
blueprint, libignition-sensors2-depth-camera-dev
blueprint, libignition-sensors2-dev
blueprint, libignition-sensors2-gpu-lidar
blueprint, libignition-sensors2-gpu-lidar-dev
blueprint, libignition-sensors2-imu
blueprint, libignition-sensors2-imu-dev
blueprint, libignition-sensors2-lidar
blueprint, libignition-sensors2-lidar-dev
blueprint, libignition-sensors2-logical-camera
blueprint, libignition-sensors2-logical-camera-dev
blueprint, libignition-sensors2-magnetometer
blueprint, libignition-sensors2-magnetometer-dev
blueprint, libignition-sensors2-rendering
blueprint, libignition-sensors2-rendering-dev
blueprint, libignition-sensors2-rgbd-camera
blueprint, libignition-sensors2-rgbd-camera-dev
blueprint, libignition-tools-dev
blueprint, libignition-transport7
blueprint, libignition-transport7-core-dev
blueprint, libignition-transport7-dev
blueprint, libignition-transport7-log
blueprint, libignition-transport7-log-dev
citadel, ignition-citadel
citadel, ignition-tools
citadel, libignition-cmake2-dev
citadel, libignition-common3
citadel, libignition-common3-av
citadel, libignition-common3-av-dev
citadel, libignition-common3-core-dev
citadel, libignition-common3-dev
citadel, libignition-common3-events
citadel, libignition-common3-events-dev
citadel, libignition-common3-graphics
citadel, libignition-common3-graphics-dev
citadel, libignition-common3-profiler
citadel, libignition-common3-profiler-dev
citadel, libignition-fuel-tools4
citadel, libignition-fuel-tools4-dev
citadel, libignition-gazebo3
citadel, libignition-gazebo3-dev
citadel, libignition-gazebo3-plugins
citadel, libignition-gui3
citadel, libignition-gui3-dev
citadel, libignition-launch2
citadel, libignition-launch2-dev
citadel, libignition-math6
citadel, libignition-math6-dev
citadel, libignition-math6-eigen3-dev
citadel, libignition-msgs5
citadel, libignition-msgs5-dev
citadel, libignition-physics2
citadel, libignition-physics2-core-dev
citadel, libignition-physics2-dartsim
citadel, libignition-physics2-dartsim-dev
citadel, libignition-physics2-dev
citadel, libignition-physics2-mesh-dev
citadel, libignition-physics2-sdf-dev
citadel, libignition-physics2-tpe
citadel, libignition-physics2-tpe-dev
citadel, libignition-physics2-tpelib
citadel, libignition-physics2-tpelib-dev
citadel, libignition-plugin
citadel, libignition-plugin-dev
citadel, libignition-rendering3
citadel, libignition-rendering3-core-dev
citadel, libignition-rendering3-dev
citadel, libignition-rendering3-ogre1
citadel, libignition-rendering3-ogre1-dev
citadel, libignition-rendering3-ogre2
citadel, libignition-rendering3-ogre2-dev
citadel, libignition-sensors3
citadel, libignition-sensors3-air-pressure
citadel, libignition-sensors3-air-pressure-dev
citadel, libignition-sensors3-altimeter
citadel, libignition-sensors3-altimeter-dev
citadel, libignition-sensors3-camera
citadel, libignition-sensors3-camera-dev
citadel, libignition-sensors3-core-dev
citadel, libignition-sensors3-depth-camera
citadel, libignition-sensors3-depth-camera-dev
citadel, libignition-sensors3-dev
citadel, libignition-sensors3-gpu-lidar
citadel, libignition-sensors3-gpu-lidar-dev
citadel, libignition-sensors3-imu
citadel, libignition-sensors3-imu-dev
citadel, libignition-sensors3-lidar
citadel, libignition-sensors3-lidar-dev
citadel, libignition-sensors3-logical-camera
citadel, libignition-sensors3-logical-camera-dev
citadel, libignition-sensors3-magnetometer
citadel, libignition-sensors3-magnetometer-dev
citadel, libignition-sensors3-rendering
citadel, libignition-sensors3-rendering-dev
citadel, libignition-sensors3-rgbd-camera
citadel, libignition-sensors3-rgbd-camera-dev
citadel, libignition-sensors3-thermal-camera
citadel, libignition-sensors3-thermal-camera-dev
citadel, libignition-tools-dev
citadel, libignition-transport8
citadel, libignition-transport8-core-dev
citadel, libignition-transport8-dev
citadel, libignition-transport8-log
citadel, libignition-transport8-log-dev
dome, ignition-dome
dome, ignition-tools
dome, libignition-cmake2-dev
dome, libignition-common3
dome, libignition-common3-av
dome, libignition-common3-av-dev
dome, libignition-common3-core-dev
dome, libignition-common3-dev
dome, libignition-common3-events
dome, libignition-common3-events-dev
dome, libignition-common3-graphics
dome, libignition-common3-graphics-dev
dome, libignition-common3-profiler
dome, libignition-common3-profiler-dev
dome, libignition-fuel-tools5
dome, libignition-fuel-tools5-dev
dome, libignition-gazebo4
dome, libignition-gazebo4-dev
dome, libignition-gazebo4-plugins
dome, libignition-gui4
dome, libignition-gui4-dev
dome, libignition-launch3
dome, libignition-launch3-dev
dome, libignition-math6
dome, libignition-math6-dev
dome, libignition-math6-eigen3-dev
dome, libignition-msgs6
dome, libignition-msgs6-dev
dome, libignition-physics3
dome, libignition-physics3-core-dev
dome, libignition-physics3-dartsim
dome, libignition-physics3-dartsim-dev
dome, libignition-physics3-dev
dome, libignition-physics3-mesh-dev
dome, libignition-physics3-sdf-dev
dome, libignition-physics3-tpe
dome, libignition-physics3-tpe-dev
dome, libignition-physics3-tpelib
dome, libignition-physics3-tpelib-dev
dome, libignition-plugin
dome, libignition-plugin-dev
dome, libignition-rendering4
dome, libignition-rendering4-core-dev
dome, libignition-rendering4-dev
dome, libignition-rendering4-ogre1
dome, libignition-rendering4-ogre1-dev
dome, libignition-rendering4-ogre2
dome, libignition-rendering4-ogre2-dev
dome, libignition-sensors4
dome, libignition-sensors4-air-pressure
dome, libignition-sensors4-air-pressure-dev
dome, libignition-sensors4-altimeter
dome, libignition-sensors4-altimeter-dev
dome, libignition-sensors4-camera
dome, libignition-sensors4-camera-dev
dome, libignition-sensors4-core-dev
dome, libignition-sensors4-depth-camera
dome, libignition-sensors4-depth-camera-dev
dome, libignition-sensors4-dev
dome, libignition-sensors4-gpu-lidar
dome, libignition-sensors4-gpu-lidar-dev
dome, libignition-sensors4-imu
dome, libignition-sensors4-imu-dev
dome, libignition-sensors4-lidar
dome, libignition-sensors4-lidar-dev
dome, libignition-sensors4-logical-camera
dome, libignition-sensors4-logical-camera-dev
dome, libignition-sensors4-magnetometer
dome, libignition-sensors4-magnetometer-dev
dome, libignition-sensors4-rendering
dome, libignition-sensors4-rendering-dev
dome, libignition-sensors4-rgbd-camera
dome, libignition-sensors4-rgbd-camera-dev
dome, libignition-sensors4-thermal-camera
dome, libignition-sensors4-thermal-camera-dev
dome, libignition-tools-dev
dome, libignition-transport9
dome, libignition-transport9-core-dev
dome, libignition-transport9-dev
dome, libignition-transport9-log
dome, libignition-transport9-log-dev
edifice, ignition-edifice
edifice, ignition-tools
edifice, libignition-cmake-dev
edifice, libignition-cmake2-dev
edifice, libignition-common4
edifice, libignition-common4-av
edifice, libignition-common4-av-dev
edifice, libignition-common4-core-dev
edifice, libignition-common4-dev
edifice, libignition-common4-events
edifice, libignition-common4-events-dev
edifice, libignition-common4-graphics
edifice, libignition-common4-graphics-dev
edifice, libignition-common4-profiler
edifice, libignition-common4-profiler-dev
edifice, libignition-fuel-tools6
edifice, libignition-fuel-tools6-dev
edifice, libignition-gazebo5
edifice, libignition-gazebo5-dev
edifice, libignition-gazebo5-plugins
edifice, libignition-gui5
edifice, libignition-gui5-dev
edifice, libignition-launch4
edifice, libignition-launch4-dev
edifice, libignition-math6
edifice, libignition-math6-dev
edifice, libignition-math6-eigen3-dev
edifice, libignition-msgs7
edifice, libignition-msgs7-dev
edifice, libignition-physics4
edifice, libignition-physics4-core-dev
edifice, libignition-physics4-dartsim
edifice, libignition-physics4-dartsim-dev
edifice, libignition-physics4-dev
edifice, libignition-physics4-heightmap-dev
edifice, libignition-physics4-mesh-dev
edifice, libignition-physics4-sdf-dev
edifice, libignition-physics4-tpe
edifice, libignition-physics4-tpe-dev
edifice, libignition-physics4-tpelib
edifice, libignition-physics4-tpelib-dev
edifice, libignition-plugin
edifice, libignition-plugin-dev
edifice, libignition-rendering5
edifice, libignition-rendering5-core-dev
edifice, libignition-rendering5-dev
edifice, libignition-rendering5-ogre1
edifice, libignition-rendering5-ogre1-dev
edifice, libignition-rendering5-ogre2
edifice, libignition-rendering5-ogre2-dev
edifice, libignition-sensors5
edifice, libignition-sensors5-air-pressure
edifice, libignition-sensors5-air-pressure-dev
edifice, libignition-sensors5-altimeter
edifice, libignition-sensors5-altimeter-dev
edifice, libignition-sensors5-camera
edifice, libignition-sensors5-camera-dev
edifice, libignition-sensors5-core-dev
edifice, libignition-sensors5-depth-camera
edifice, libignition-sensors5-depth-camera-dev
edifice, libignition-sensors5-dev
edifice, libignition-sensors5-gpu-lidar
edifice, libignition-sensors5-gpu-lidar-dev
edifice, libignition-sensors5-imu
edifice, libignition-sensors5-imu-dev
edifice, libignition-sensors5-lidar
edifice, libignition-sensors5-lidar-dev
edifice, libignition-sensors5-logical-camera
edifice, libignition-sensors5-logical-camera-dev
edifice, libignition-sensors5-magnetometer
edifice, libignition-sensors5-magnetometer-dev
edifice, libignition-sensors5-rendering
edifice, libignition-sensors5-rendering-dev
edifice, libignition-sensors5-rgbd-camera
edifice, libignition-sensors5-rgbd-camera-dev
edifice, libignition-sensors5-thermal-camera
edifice, libignition-sensors5-thermal-camera-dev
edifice, libignition-tools-dev
edifice, libignition-transport10
edifice, libignition-transport10-core-dev
edifice, libignition-transport10-dev
edifice, libignition-transport10-log
edifice, libignition-transport10-log-dev
edifice, libignition-utils1
edifice, libignition-utils1-cli-dev
edifice, libignition-utils1-dev
fortress, ignition-fortress
fortress, ignition-tools
fortress, ignition-transport11-cli
fortress, libignition-cmake2-dev
fortress, libignition-cmake-dev
fortress, libignition-common4
fortress, libignition-common4-av
fortress, libignition-common4-av-dev
fortress, libignition-common4-core-dev
fortress, libignition-common4-dev
fortress, libignition-common4-events
fortress, libignition-common4-events-dev
fortress, libignition-common4-graphics
fortress, libignition-common4-graphics-dev
fortress, libignition-common4-profiler
fortress, libignition-common4-profiler-dev
fortress, libignition-fuel-tools7
fortress, libignition-fuel-tools7-dev
fortress, libignition-gazebo6
fortress, libignition-gazebo6-dev
fortress, libignition-gazebo6-plugins
fortress, libignition-gui6
fortress, libignition-gui6-dev
fortress, libignition-launch5
fortress, libignition-launch5-dev
fortress, libignition-math6
fortress, libignition-math6-dev
fortress, libignition-math6-eigen3-dev
fortress, libignition-msgs8
fortress, libignition-msgs8-dev
fortress, libignition-physics5
fortress, libignition-physics5-bullet
fortress, libignition-physics5-bullet-dev
fortress, libignition-physics5-core-dev
fortress, libignition-physics5-dartsim
fortress, libignition-physics5-dartsim-dev
fortress, libignition-physics5-dev
fortress, libignition-physics5-heightmap-dev
fortress, libignition-physics5-mesh-dev
fortress, libignition-physics5-sdf-dev
fortress, libignition-physics5-tpe
fortress, libignition-physics5-tpe-dev
fortress, libignition-physics5-tpelib
fortress, libignition-physics5-tpelib-dev
fortress, libignition-plugin
fortress, libignition-plugin-dev
fortress, libignition-rendering6
fortress, libignition-rendering6-core-dev
fortress, libignition-rendering6-dev
fortress, libignition-rendering6-ogre1
fortress, libignition-rendering6-ogre1-dev
fortress, libignition-rendering6-ogre2
fortress, libignition-rendering6-ogre2-dev
fortress, libignition-sensors6
fortress, libignition-sensors6-air-pressure
fortress, libignition-sensors6-air-pressure-dev
fortress, libignition-sensors6-altimeter
fortress, libignition-sensors6-altimeter-dev
fortress, libignition-sensors6-boundingbox-camera
fortress, libignition-sensors6-boundingbox-camera-dev
fortress, libignition-sensors6-camera
fortress, libignition-sensors6-camera-dev
fortress, libignition-sensors6-core-dev
fortress, libignition-sensors6-depth-camera
fortress, libignition-sensors6-depth-camera-dev
fortress, libignition-sensors6-dev
fortress, libignition-sensors6-force-torque
fortress, libignition-sensors6-force-torque-dev
fortress, libignition-sensors6-gpu-lidar
fortress, libignition-sensors6-gpu-lidar-dev
fortress, libignition-sensors6-imu
fortress, libignition-sensors6-imu-dev
fortress, libignition-sensors6-lidar
fortress, libignition-sensors6-lidar-dev
fortress, libignition-sensors6-logical-camera
fortress, libignition-sensors6-logical-camera-dev
fortress, libignition-sensors6-magnetometer
fortress, libignition-sensors6-magnetometer-dev
fortress, libignition-sensors6-navsat
fortress, libignition-sensors6-navsat-dev
fortress, libignition-sensors6-rendering
fortress, libignition-sensors6-rendering-dev
fortress, libignition-sensors6-rgbd-camera
fortress, libignition-sensors6-rgbd-camera-dev
fortress, libignition-sensors6-segmentation-camera
fortress, libignition-sensors6-segmentation-camera-dev
fortress, libignition-sensors6-thermal-camera
fortress, libignition-sensors6-thermal-camera-dev
fortress, libignition-tools-dev
fortress, libignition-transport11
fortress, libignition-transport11-core-dev
fortress, libignition-transport11-dev
fortress, libignition-transport11-log
fortress, libignition-transport11-log-dev
fortress, libignition-transport11-parameters
fortress, libignition-transport11-parameters-dev
fortress, libignition-utils1
fortress, libignition-utils1-cli-dev
fortress, libignition-utils1-dev
fortress, python3-ignition-gazebo6
fortress, python3-ignition-math6
garden, gz-garden
garden, gz-launch6-cli
garden, gz-plugin2-cli
garden, gz-sim7-cli
garden, gz-tools2
garden, gz-transport12-cli
garden, libgz-cmake3-dev
garden, libgz-common5
garden, libgz-common5-av
garden, libgz-common5-av-dev
garden, libgz-common5-core-dev
garden, libgz-common5-dev
garden, libgz-common5-events
garden, libgz-common5-events-dev
garden, libgz-common5-geospatial
garden, libgz-common5-geospatial-dev
garden, libgz-common5-graphics
garden, libgz-common5-graphics-dev
garden, libgz-common5-io
garden, libgz-common5-io-dev
garden, libgz-common5-profiler
garden, libgz-common5-profiler-dev
garden, libgz-common5-testing
garden, libgz-common5-testing-dev
garden, libgz-fuel-tools8
garden, libgz-fuel-tools8-dev
garden, libgz-gui7
garden, libgz-gui7-dev
garden, libgz-launch6
garden, libgz-launch6-dev
garden, libgz-math7
garden, libgz-math7-dev
garden, libgz-math7-eigen3-dev
garden, libgz-msgs9
garden, libgz-msgs9-dev
garden, libgz-physics6
garden, libgz-physics6-bullet
garden, libgz-physics6-bullet-dev
garden, libgz-physics6-core-dev
garden, libgz-physics6-dartsim
garden, libgz-physics6-dartsim-dev
garden, libgz-physics6-dev
garden, libgz-physics6-heightmap-dev
garden, libgz-physics6-mesh-dev
garden, libgz-physics6-sdf-dev
garden, libgz-physics6-tpe
garden, libgz-physics6-tpe-dev
garden, libgz-physics6-tpelib
garden, libgz-physics6-tpelib-dev
garden, libgz-plugin2
garden, libgz-plugin2-dev
garden, libgz-rendering7
garden, libgz-rendering7-core-dev
garden, libgz-rendering7-dev
garden, libgz-rendering7-ogre1
garden, libgz-rendering7-ogre1-dev
garden, libgz-rendering7-ogre2
garden, libgz-rendering7-ogre2-dev
garden, libgz-sensors7
garden, libgz-sensors7-air-pressure
garden, libgz-sensors7-air-pressure-dev
garden, libgz-sensors7-air-speed
garden, libgz-sensors7-air-speed-dev
garden, libgz-sensors7-altimeter
garden, libgz-sensors7-altimeter-dev
garden, libgz-sensors7-boundingbox-camera
garden, libgz-sensors7-boundingbox-camera-dev
garden, libgz-sensors7-camera
garden, libgz-sensors7-camera-dev
garden, libgz-sensors7-core-dev
garden, libgz-sensors7-depth-camera
garden, libgz-sensors7-depth-camera-dev
garden, libgz-sensors7-dev
garden, libgz-sensors7-force-torque
garden, libgz-sensors7-force-torque-dev
garden, libgz-sensors7-gpu-lidar
garden, libgz-sensors7-gpu-lidar-dev
garden, libgz-sensors7-imu
garden, libgz-sensors7-imu-dev
garden, libgz-sensors7-lidar
garden, libgz-sensors7-lidar-dev
garden, libgz-sensors7-logical-camera
garden, libgz-sensors7-logical-camera-dev
garden, libgz-sensors7-magnetometer
garden, libgz-sensors7-magnetometer-dev
garden, libgz-sensors7-navsat
garden, libgz-sensors7-navsat-dev
garden, libgz-sensors7-rendering
garden, libgz-physics
garden, libgz-sensors7-rgbd-camera
garden, libgz-sensors7-rgbd-camera-dev
garden, libgz-sensors7-segmentation-camera
garden, libgz-sensors7-segmentation-camera-dev
garden, libgz-sensors7-thermal-camera
garden, libgz-sensors7-thermal-camera-dev
garden, libgz-sensors7-wide-angle-camera
garden, libgz-sensors7-wide-angle-camera-dev
garden, libgz-sim7
garden, libgz-sim7-dev
garden, libgz-sim7-plugins
garden, libgz-tools2-dev
garden, libgz-transport12
garden, libgz-transport12-core-dev
garden, libgz-transport12-dev
garden, libgz-transport12-log
garden, libgz-transport12-log-dev
garden, libgz-transport12-parameters
garden, libgz-transport12-parameters-dev
garden, libgz-utils2
garden, libgz-utils2-cli-dev
garden, libgz-utils2-dev
garden, python3-gz-math7
garden, python3-gz-sim7
harmonic, gz-harmonic
harmonic, gz-launch7-cli
harmonic, gz-plugin2-cli
harmonic, gz-sim8-cli
harmonic, gz-tools2
harmonic, gz-transport13-cli
harmonic, libgz-cmake3-dev
harmonic, libgz-common5
harmonic, libgz-common5-av
harmonic, libgz-common5-av-dev
harmonic, libgz-common5-core-dev
harmonic, libgz-common5-dev
harmonic, libgz-common5-events
harmonic, libgz-common5-events-dev
harmonic, libgz-common5-geospatial
harmonic, libgz-common5-geospatial-dev
harmonic, libgz-common5-graphics
harmonic, libgz-common5-graphics-dev
harmonic, libgz-common5-io
harmonic, libgz-common5-io-dev
harmonic, libgz-common5-profiler
harmonic, libgz-common5-profiler-dev
harmonic, libgz-common5-testing
harmonic, libgz-common5-testing-dev
harmonic, libgz-fuel-tools9
harmonic, libgz-fuel-tools9-dev
harmonic, libgz-gui8
harmonic, libgz-gui8-dev
harmonic, libgz-launch7
harmonic, libgz-launch7-dev
harmonic, libgz-math7
harmonic, libgz-math7-dev
harmonic, libgz-math7-eigen3-dev
harmonic, libgz-msgs10
harmonic, libgz-msgs10-dev
harmonic, libgz-physics7
harmonic, libgz-physics7-bullet
harmonic, libgz-physics7-bullet-dev
harmonic, libgz-physics7-core-dev
harmonic, libgz-physics7-dartsim
harmonic, libgz-physics7-dartsim-dev
harmonic, libgz-physics7-dev
harmonic, libgz-physics7-heightmap-dev
harmonic, libgz-physics7-mesh-dev
harmonic, libgz-physics7-sdf-dev
harmonic, libgz-physics7-tpe
harmonic, libgz-physics7-tpe-dev
harmonic, libgz-physics7-tpelib
harmonic, libgz-physics7-tpelib-dev
harmonic, libgz-plugin2
harmonic, libgz-plugin2-dev
harmonic, libgz-rendering8
harmonic, libgz-rendering8-core-dev
harmonic, libgz-rendering8-dev
harmonic, libgz-rendering8-ogre1
harmonic, libgz-rendering8-ogre1-dev
harmonic, libgz-rendering8-ogre2
harmonic, libgz-rendering8-ogre2-dev
harmonic, libgz-sensors8
harmonic, libgz-sensors8-air-pressure
harmonic, libgz-sensors8-air-pressure-dev
harmonic, libgz-sensors8-air-speed
harmonic, libgz-sensors8-air-speed-dev
harmonic, libgz-sensors8-altimeter
harmonic, libgz-sensors8-altimeter-dev
harmonic, libgz-sensors8-boundingbox-camera
harmonic, libgz-sensors8-boundingbox-camera-dev
harmonic, libgz-sensors8-camera
harmonic, libgz-sensors8-camera-dev
harmonic, libgz-sensors8-core-dev
harmonic, libgz-sensors8-depth-camera
harmonic, libgz-sensors8-depth-camera-dev
harmonic, libgz-sensors8-dev
harmonic, libgz-sensors8-dvl
harmonic, libgz-sensors8-dvl-dev
harmonic, libgz-sensors8-force-torque
harmonic, libgz-sensors8-force-torque-dev
harmonic, libgz-sensors8-gpu-lidar
harmonic, libgz-sensors8-gpu-lidar-dev
harmonic, libgz-sensors8-imu
harmonic, libgz-sensors8-imu-dev
harmonic, libgz-sensors8-lidar
harmonic, libgz-sensors8-lidar-dev
harmonic, libgz-sensors8-logical-camera
harmonic, libgz-sensors8-logical-camera-dev
harmonic, libgz-sensors8-magnetometer
harmonic, libgz-sensors8-magnetometer-dev
harmonic, libgz-sensors8-navsat
harmonic, libgz-sensors8-navsat-dev
harmonic, libgz-sensors8-rendering
harmonic, libgz-sensors8-rendering-dev
harmonic, libgz-sensors8-rgbd-camera
harmonic, libgz-sensors8-rgbd-camera-dev
harmonic, libgz-sensors8-segmentation-camera
harmonic, libgz-sensors8-segmentation-camera-dev
harmonic, libgz-sensors8-thermal-camera
harmonic, libgz-sensors8-thermal-camera-dev
harmonic, libgz-sensors8-wide-angle-camera
harmonic, libgz-sensors8-wide-angle-camera-dev
harmonic, libgz-sim8
harmonic, libgz-sim8-dev
harmonic, libgz-sim8-plugins
harmonic, libgz-tools2-dev
harmonic, libgz-transport13
harmonic, libgz-transport13-core-dev
harmonic, libgz-transport13-dev
harmonic, libgz-transport13-log
harmonic, libgz-transport13-log-dev
harmonic, libgz-transport13-parameters
harmonic, libgz-transport13-parameters-dev
harmonic, libgz-utils2
harmonic, libgz-utils2-cli-dev
harmonic, libgz-utils2-dev
harmonic, python3-gz-math7
harmonic, python3-gz-msgs10
harmonic, python3-gz-sim8
harmonic, python3-gz-transport13
ionic, gz-ionic
ionic, gz-launch8-cli
ionic, gz-plugin3-cli
ionic, gz-sim9-cli
ionic, gz-tools2
ionic, gz-transport14-cli
ionic, libgz-cmake4-dev
ionic, libgz-common6
ionic, libgz-common6-av
ionic, libgz-common6-av-dev
ionic, libgz-common6-core-dev
ionic, libgz-common6-dev
ionic, libgz-common6-events
ionic, libgz-common6-events-dev
ionic, libgz-common6-geospatial
ionic, libgz-common6-geospatial-dev
ionic, libgz-common6-graphics
ionic, libgz-common6-graphics-dev
ionic, libgz-common6-io
ionic, libgz-common6-io-dev
ionic, libgz-common6-profiler
ionic, libgz-common6-profiler-dev
ionic, libgz-common6-testing
ionic, libgz-common6-testing-dev
ionic, libgz-fuel-tools10
ionic, libgz-fuel-tools10-dev
ionic, libgz-gui9
ionic, libgz-gui9-dev
ionic, libgz-launch8
ionic, libgz-launch8-dev
ionic, libgz-math8
ionic, libgz-math8-dev
ionic, libgz-math8-eigen3-dev
ionic, libgz-msgs11
ionic, libgz-msgs11-dev
ionic, libgz-physics8
ionic, libgz-physics8-bullet
ionic, libgz-physics8-bullet-dev
ionic, libgz-physics8-core-dev
ionic, libgz-physics8-dartsim
ionic, libgz-physics8-dartsim-dev
ionic, libgz-physics8-dev
ionic, libgz-physics8-heightmap-dev
ionic, libgz-physics8-mesh-dev
ionic, libgz-physics8-sdf-dev
ionic, libgz-physics8-tpe
ionic, libgz-physics8-tpe-dev
ionic, libgz-physics8-tpelib
ionic, libgz-physics8-tpelib-dev
ionic, libgz-plugin3
ionic, libgz-plugin3-dev
ionic, libgz-rendering9
ionic, libgz-rendering9-core-dev
ionic, libgz-rendering9-dev
ionic, libgz-rendering9-ogre1
ionic, libgz-rendering9-ogre1-dev
ionic, libgz-rendering9-ogre2
ionic, libgz-rendering9-ogre2-dev
ionic, libgz-sensors9
ionic, libgz-sensors9-air-pressure
ionic, libgz-sensors9-air-pressure-dev
ionic, libgz-sensors9-air-speed
ionic, libgz-sensors9-air-speed-dev
ionic, libgz-sensors9-altimeter
ionic, libgz-sensors9-altimeter-dev
ionic, libgz-sensors9-boundingbox-camera
ionic, libgz-sensors9-boundingbox-camera-dev
ionic, libgz-sensors9-camera
ionic, libgz-sensors9-camera-dev
ionic, libgz-sensors9-core-dev
ionic, libgz-sensors9-depth-camera
ionic, libgz-sensors9-depth-camera-dev
ionic, libgz-sensors9-dev
ionic, libgz-sensors9-dvl
ionic, libgz-sensors9-dvl-dev
ionic, libgz-sensors9-force-torque
ionic, libgz-sensors9-force-torque-dev
ionic, libgz-sensors9-gpu-lidar
ionic, libgz-sensors9-gpu-lidar-dev
ionic, libgz-sensors9-imu
ionic, libgz-sensors9-imu-dev
ionic, libgz-sensors9-lidar
ionic, libgz-sensors9-lidar-dev
ionic, libgz-sensors9-logical-camera
ionic, libgz-sensors9-logical-camera-dev
ionic, libgz-sensors9-magnetometer
ionic, libgz-sensors9-magnetometer-dev
ionic, libgz-sensors9-navsat
ionic, libgz-sensors9-navsat-dev
ionic, libgz-sensors9-rendering
ionic, libgz-sensors9-rendering-dev
ionic, libgz-sensors9-rgbd-camera
ionic, libgz-sensors9-rgbd-camera-dev
ionic, libgz-sensors9-segmentation-camera
ionic, libgz-sensors9-segmentation-camera-dev
ionic, libgz-sensors9-thermal-camera
ionic, libgz-sensors9-thermal-camera-dev
ionic, libgz-sensors9-wide-angle-camera
ionic, libgz-sensors9-wide-angle-camera-dev
ionic, libgz-sim9
ionic, libgz-sim9-dev
ionic, libgz-sim9-plugins
ionic, libgz-tools2-dev
ionic, libgz-transport14
ionic, libgz-transport14-core-dev
ionic, libgz-transport14-dev
ionic, libgz-transport14-log
ionic, libgz-transport14-log-dev
ionic, libgz-transport14-parameters
ionic, libgz-transport14-parameters-dev
ionic, libgz-utils3
ionic, libgz-utils3-cli-dev
ionic, libgz-utils3-dev
ionic, python3-gz-math8
ionic, python3-gz-msgs11
ionic, python3-gz-sim9
ionic, python3-gz-transport14
ionic, libgz-utils3-log
ionic, libgz-utils3-log-dev
ionic, libsdformat15
ionic, libsdformat15-dev
ionic, python3-sdformat15
ionic, sdformat15-sdf
